[
  {
    "id": "000b30fb-1628-4274-9a2b-5f562d007b38",
    "data": [
      {
        "text": "cold/flu",
        "userDefined": false
      }
    ],
    "isTemplate": false,
    "count": 0,
    "lang": "en",
    "updated": 0
  },
  {
    "id": "c1c3593e-1b45-4fa0-a084-8a44526ff144",
    "data": [
      {
        "text": "flu",
        "userDefined": false
      }
    ],
    "isTemplate": false,
    "count": 0,
    "lang": "en",
    "updated": 0
  },
  {
    "id": "eb1af0d1-52b0-4388-8515-ad5f287fa230",
    "data": [
      {
        "text": "cold",
        "userDefined": false
      }
    ],
    "isTemplate": false,
    "count": 0,
    "lang": "en",
    "updated": 0
  },
  {
    "id": "707650cb-bf7e-4df7-8eb2-c826017e17c1",
    "data": [
      {
        "text": "1",
        "meta": "@sys.number",
        "alias": "number",
        "userDefined": false
      }
    ],
    "isTemplate": false,
    "count": 0,
    "lang": "en",
    "updated": 0
  }
]