[
  {
    "id": "c4804cd8-f038-4609-a6bb-1092e7c10ef8",
    "data": [
      {
        "text": "coronavirus",
        "userDefined": false
      }
    ],
    "isTemplate": false,
    "count": 0,
    "lang": "en",
    "updated": 0
  },
  {
    "id": "40930168-af29-4b0a-b485-790457956de8",
    "data": [
      {
        "text": "corona",
        "userDefined": false
      }
    ],
    "isTemplate": false,
    "count": 0,
    "lang": "en",
    "updated": 0
  },
  {
    "id": "736f4627-2a36-428a-9533-4d82b9e4dedf",
    "data": [
      {
        "text": "covid",
        "userDefined": false
      }
    ],
    "isTemplate": false,
    "count": 0,
    "lang": "en",
    "updated": 0
  },
  {
    "id": "be1a168a-55df-407d-8392-3722dfef652a",
    "data": [
      {
        "text": "covid19",
        "userDefined": false
      }
    ],
    "isTemplate": false,
    "count": 0,
    "lang": "en",
    "updated": 0
  },
  {
    "id": "699cf409-3d51-4a44-9444-730a897bf96c",
    "data": [
      {
        "text": "3",
        "meta": "@sys.number",
        "alias": "number",
        "userDefined": false
      }
    ],
    "isTemplate": false,
    "count": 0,
    "lang": "en",
    "updated": 0
  }
]