[
  {
    "id": "57219a0f-e918-4f64-b8f1-b974166227b1",
    "data": [
      {
        "text": "3",
        "meta": "@Rating",
        "alias": "Rating",
        "userDefined": true
      }
    ],
    "isTemplate": false,
    "count": 0,
    "lang": "en",
    "updated": 0
  },
  {
    "id": "656c9d1b-8e62-4747-9d20-94f3ccc91959",
    "data": [
      {
        "text": "2",
        "meta": "@Rating",
        "alias": "Rating",
        "userDefined": true
      }
    ],
    "isTemplate": false,
    "count": 0,
    "lang": "en",
    "updated": 0
  },
  {
    "id": "022699f4-81fb-4b4a-af62-2a50b633cf1f",
    "data": [
      {
        "text": "5",
        "meta": "@Rating",
        "alias": "Rating",
        "userDefined": true
      }
    ],
    "isTemplate": false,
    "count": 0,
    "lang": "en",
    "updated": 0
  },
  {
    "id": "c31b7dd4-b08a-46fc-b400-7922f7e3b96f",
    "data": [
      {
        "text": "4",
        "meta": "@Rating",
        "alias": "Rating",
        "userDefined": true
      }
    ],
    "isTemplate": false,
    "count": 0,
    "lang": "en",
    "updated": 0
  },
  {
    "id": "a2800da3-3676-4cd3-916f-f45d794bcb69",
    "data": [
      {
        "text": "1",
        "meta": "@Rating",
        "alias": "Rating",
        "userDefined": true
      }
    ],
    "isTemplate": false,
    "count": 0,
    "lang": "en",
    "updated": 0
  }
]