[
  {
    "id": "cb0bf712-a2f6-4f2b-b404-87cfc809f9ba",
    "data": [
      {
        "text": "I Am Done",
        "userDefined": false
      }
    ],
    "isTemplate": false,
    "count": 0,
    "lang": "en",
    "updated": 0
  },
  {
    "id": "049e9a20-949c-40aa-8675-0566f10a5440",
    "data": [
      {
        "text": "Exit",
        "userDefined": false
      }
    ],
    "isTemplate": false,
    "count": 0,
    "lang": "en",
    "updated": 0
  },
  {
    "id": "ea910aa7-0742-44ee-a884-f8cf76dfe4c9",
    "data": [
      {
        "text": "Thank You",
        "userDefined": false
      }
    ],
    "isTemplate": false,
    "count": 0,
    "lang": "en",
    "updated": 0
  },
  {
    "id": "59b88514-a027-4eb1-8964-06bf20c283c2",
    "data": [
      {
        "text": "Thanks",
        "userDefined": false
      }
    ],
    "isTemplate": false,
    "count": 0,
    "lang": "en",
    "updated": 0
  },
  {
    "id": "5cb37f09-c620-491e-9862-d1ec697964d2",
    "data": [
      {
        "text": "Okay",
        "userDefined": false
      }
    ],
    "isTemplate": false,
    "count": 0,
    "lang": "en",
    "updated": 0
  },
  {
    "id": "2122f3e4-e85b-4ae1-b092-2b80e048dbc7",
    "data": [
      {
        "text": "Ok",
        "userDefined": false
      }
    ],
    "isTemplate": false,
    "count": 0,
    "lang": "en",
    "updated": 0
  },
  {
    "id": "3def7205-de84-40ed-b39a-c2f14f166419",
    "data": [
      {
        "text": "Quit",
        "userDefined": false
      }
    ],
    "isTemplate": false,
    "count": 0,
    "lang": "en",
    "updated": 0
  }
]