[
  {
    "id": "944fdd73-9088-4bee-8333-19b76de9f546",
    "data": [
      {
        "text": "Fix An Appointment ",
        "userDefined": false
      },
      {
        "text": "For Friday",
        "meta": "@sys.date",
        "alias": "date",
        "userDefined": true
      },
      {
        "text": " ",
        "userDefined": false
      },
      {
        "text": "At 5:00 PM",
        "meta": "@sys.time",
        "alias": "time",
        "userDefined": true
      }
    ],
    "isTemplate": false,
    "count": 0,
    "lang": "en",
    "updated": 0
  }
]