[
  {
    "id": "357c5572-83d4-49a8-9239-cb656ccb7941",
    "data": [
      {
        "text": "Toothproblem",
        "userDefined": false
      }
    ],
    "isTemplate": false,
    "count": 0,
    "lang": "en",
    "updated": 0
  },
  {
    "id": "feab2159-39c3-4a42-ab9f-edb5816c4e82",
    "data": [
      {
        "text": "Tooth Problem",
        "userDefined": false
      }
    ],
    "isTemplate": false,
    "count": 0,
    "lang": "en",
    "updated": 0
  },
  {
    "id": "8eaf9d98-e95f-4f4c-985d-ecf790d1c5c0",
    "data": [
      {
        "text": "2",
        "meta": "@sys.number",
        "alias": "number",
        "userDefined": false
      }
    ],
    "isTemplate": false,
    "count": 0,
    "lang": "en",
    "updated": 0
  }
]